id,fart name,last_name,email,gender,ip_address,mydate
1,Celestia,Showers,cshowers0@wp.com,Female,52.182.194.180,2020-10-12
2,Gillian,Slograve,vslograve1@google.fr,Male,166.130.219.7,2020-12-12
4,Ermina,Spellessy,espellessy3@whitehouse.gov,Female,62.151.144.168,2050-12-13
5,Astrid,Radband,aradband4@discuz.net,Female,83.224.193.115,2050-12-14
6,Conrad,Lorrie,clorrie5@paginegialle.it,Bigender,31.109.168.211,2050-12-15
7,Victoria,McKenny,vmckenny6@lulu.com,Female,84.218.223.140,2050-12-16
9,Michaella,Jikylls,mjikylls8@slideshare.net,Female,214.89.28.64,2050-12-18
11,Benjamin,Worboy,bworboya@ucsd.edu,Male,245.226.226.188,2050-12-20
13,Kay,Gladdor,kgladdorc@ovh.net,Female,106.173.154.90,2050-12-22
18,Perla,Gannicott,pgannicotth@newyorker.com,Female,228.164.16.253,2050-12-27
19,Giulia,Matson,gmatsoni@1688.com,Female,207.156.197.91,2050-12-28
20,Tabbitha,Wolfe,twolfej@irs.gov,Female,228.55.36.193,2050-12-29
22,Reinwald,Dobinson,rdobinsonl@cyberchimps.com,Male,172.181.148.252,2050-12-31
23,Trevar,Bengtsen,tbengtsenm@angelfire.com,Male,252.165.96.110,2051-01-01
25,Paco,Warrender,pwarrendero@usatoday.com,Male,194.61.67.169,2051-01-03
26,Andris,Townsley,atownsleyp@netvibes.com,Male,159.82.1.74,2051-01-04
28,Delainey,Gopsill,dgopsillr@twitpic.com,Male,220.101.247.38,2051-01-06
29,Aube,Kinnane,akinnanes@vk.com,Non-binary,35.64.174.216,2051-01-07
30,Tabbitha,Nitti,gnittit@fotki.com,Genderqueer,90.85.220.217,2051-01-08
